Molecular Weight,Polarity,H Bond Donors,H Bond Acceptors,Solubility
154.8813504,0.796440135,3,1,0.689674636
171.5189366,0.505031848,3,2,0.559806839
160.2763376,0.737913098,3,4,0.630291069
154.4883183,0.854385195,4,3,0.583096491
142.3654799,0.521987716,1,0,0.656092704
164.5894113,0.939760742,4,3,0.347052502
143.7587211,0.760040708,4,3,0.488810546
189.1773001,0.515330524,0,4,0.383544594
196.3662761,0.612206806,2,1,0.42102195
138.3441519,0.976837848,4,0,0.400412138
179.1725038,0.791159867,4,3,0.55166115
152.889492,0.553736284,2,2,0.309496494
156.8044561,0.643772251,3,1,0.781983801
192.5596638,0.728351813,2,0,0.559481913
107.1036058,0.510475035,4,3,0.326285757
108.71293,0.705807757,1,3,0.64102692
102.0218397,0.744729318,0,1,0.434444025
183.2619846,0.621838938,0,2,0.353383796
177.8156751,0.7943195,2,3,0.715151843
187.0012148,0.87662006,2,4,0.398953801
197.8618342,0.617917112,3,4,0.352377134
179.9158564,0.81024995,0,1,0.328453226
146.1479362,0.819811121,2,0,0.664278872
178.0529176,0.974270151,4,1,0.627635624
111.8274426,0.889138084,4,1,0.30409957
163.9921021,0.924172635,1,0,0.41074027
114.3353287,0.745209954,1,0,0.652341016
194.4668917,0.592674293,2,0,0.376070427
152.1848322,0.997907646,3,2,0.588375392
141.466194,0.564677881,3,3,0.406578233
126.4555612,0.73572866,3,1,0.524617142
177.4233689,0.53404655,3,4,0.733711531
145.6150332,0.971925429,0,0,0.451298214
156.8433949,0.98246247,3,0,0.642986195
101.87898,0.859694531,1,0,0.519140616
161.7635497,0.674996422,1,3,0.348077627
161.2095723,0.627191201,0,4,0.480317497
161.6933997,0.632651662,2,1,0.720640033
194.3748079,0.563647013,4,3,0.786523121
168.1820299,0.762904477,1,2,0.722540835
135.9507901,0.570908638,1,4,0.381114195
143.7031954,0.658365333,0,4,0.472754649
169.7631196,0.813353238,1,2,0.715594079
106.0225472,0.863771805,4,1,0.576947967
166.6766715,0.512136352,0,4,0.688092899
167.063787,0.715057992,3,0,0.688891633
121.0382561,0.826062297,3,1,0.33554395
112.8926298,0.926622988,3,3,0.471203283
131.5428351,0.737662391,4,2,0.539510753
136.3710771,0.984602936,2,0,0.772612361
157.019677,0.632816274,1,0,0.749114401
143.8601513,0.506754353,4,0,0.511515991
198.8373838,0.741876432,2,3,0.347832964
110.2044811,0.628056898,0,0,0.502271143
120.8876756,0.911858836,4,4,0.567951666
116.1309518,0.616386336,0,0,0.752198596
165.3108325,0.655314609,2,1,0.447439634
125.3291603,0.895613716,4,4,0.454432073
146.6310773,0.857571626,1,0,0.613591617
124.4425592,0.779025618,2,3,0.552595778
115.8969584,0.852474031,1,0,0.39793448
111.0375141,0.709318432,0,3,0.372363624
165.6329589,0.502655024,1,4,0.544748605
113.8182951,0.505677564,4,4,0.689695478
119.6582362,0.755610894,4,4,0.689415626
136.8725171,0.54164549,3,4,0.787901844
182.099323,0.52553774,1,3,0.491359099
109.7101276,0.98275832,3,1,0.495994663
183.7944907,0.92950132,2,3,0.300909747
109.6098408,0.576013614,0,3,0.714958683
197.6459465,0.500332109,2,0,0.623314222
146.8651202,0.970833898,0,0,0.684961059
197.6761088,0.639162649,1,3,0.5353116
160.484552,0.592948801,4,2,0.760096744
173.9263579,0.845754054,1,1,0.314556899
103.9187792,0.554451869,0,4,0.357640591
128.2806963,0.632324799,3,4,0.488008667
112.0196561,0.98754734,0,4,0.342552954
129.6140198,0.819731387,3,0,0.343943941
111.8727719,0.760338896,2,0,0.58343634
131.7983179,0.698959307,4,1,0.40806101
141.4262995,0.887250477,2,1,0.613267605
106.4147496,0.570478738,1,3,0.764699911
169.2472119,0.983668901,3,0,0.711941105
156.6601454,0.930561504,3,4,0.424215194
126.5389491,0.808828491,2,3,0.344831463
152.3248053,0.521453095,4,2,0.775096234
109.3940511,0.850427825,4,2,0.797247966
157.5946496,0.95664217,2,1,0.48724745
192.9296198,0.762288534,4,0,0.530338631
131.8568952,0.677112411,1,0,0.372666831
166.741038,0.560138672,0,2,0.655090396
113.1797862,0.877450552,3,1,0.510916803
171.6327204,0.942510926,3,1,0.701507573
128.9406093,0.550125872,3,0,0.588648356
118.3191362,0.879492277,0,0,0.321391905
158.6512935,0.508530243,1,2,0.46747727
102.0107546,0.983527459,2,4,0.704298085
182.8940029,0.80752901,4,1,0.644056941
100.4695476,0.776219529,4,0,0.616265974
167.7816537,0.647974917,0,1,0.636252321
127.0007973,0.964645836,3,4,0.602518438
173.5194022,0.632952814,4,2,0.620562163
196.2188545,0.914073307,2,4,0.610210552
124.8753144,0.99255434,4,2,0.56671397
157.6157334,0.891698323,3,1,0.678873563
159.2041931,0.75949496,2,3,0.484746282
157.2251906,0.533037132,3,1,0.537619169
122.3081633,0.736206895,3,3,0.500724778
195.2749012,0.719127973,0,1,0.404605246
144.7125379,0.601398021,3,4,0.460944481
184.6408672,0.711793818,2,2,0.327507539
169.9479275,0.678878942,0,1,0.462763817
129.7436951,0.581842131,0,0,0.495291546
181.379782,0.720687072,2,2,0.346692049
139.6505741,0.631399978,0,4,0.410227565
188.1103197,0.76103121,2,1,0.424770874
158.1272873,0.51758003,4,2,0.413735104
188.1735362,0.95311571,0,0,0.475110851
169.253159,0.908182153,4,2,0.372438053
172.525428,0.776290666,0,1,0.665750678
150.1324382,0.925904291,3,0,0.471327428
195.6083635,0.981197537,2,1,0.361182617
164.3990199,0.555261147,3,3,0.596799891
142.3855049,0.815415904,4,2,0.389824088
160.6393214,0.998997,2,0,0.32902816
101.9193198,0.993944585,2,1,0.381646071
130.1574817,0.801661496,4,3,0.509997406
166.0173537,0.564010435,2,1,0.646754486
129.0077607,0.791596415,2,1,0.620750442
161.8015429,0.501032318,0,2,0.30260299
142.8768701,0.599455667,1,2,0.696645326
113.5474064,0.97806158,3,3,0.467843889
129.8282326,0.665220286,1,2,0.639857845
156.9964911,0.819195053,2,0,0.316336586
159.0872761,0.640429747,1,3,0.496894122
157.4325249,0.973910944,0,2,0.309805251
165.320082,0.864279365,4,4,0.708172768
165.210327,0.664825579,4,0,0.39348359
143.1418435,0.895880711,1,1,0.637273954
189.6546596,0.554082762,0,0,0.438533081
136.756187,0.69615947,4,0,0.367675557
143.5864925,0.610609064,1,0,0.76514767
189.1923355,0.841863224,1,4,0.597512308
180.6193989,0.551223141,3,0,0.745315524
170.3888584,0.698512916,0,4,0.453299701
110.0226887,0.638324865,3,4,0.714917667
191.9482614,0.75317146,1,2,0.770841167
171.42413,0.67494884,3,4,0.497591913
199.8847007,0.853205289,3,4,0.752065526
114.9448305,0.512288512,1,3,0.467542871
186.8126057,0.816993461,4,4,0.4623
116.2492935,0.615285645,2,0,0.797866336
161.5559564,0.634354514,4,1,0.776205224
112.3819983,0.900127802,0,4,0.414309173
184.8008229,0.977784197,4,4,0.718601014
180.7318959,0.658275105,1,2,0.471228939
156.9100739,0.913402635,3,2,0.789621687
140.7183297,0.551995419,0,0,0.724908814
106.9166995,0.816990827,0,3,0.752459651
169.7428773,0.87551615,0,4,0.586836756
145.3542683,0.577988964,3,1,0.447075676
172.2055599,0.713001194,4,4,0.398762503
186.6382326,0.946353582,3,3,0.56393596
197.5521505,0.551789232,2,3,0.635757863
185.5803342,0.509048179,0,1,0.670894318
101.1714084,0.79529269,1,0,0.385191606
135.9978064,0.71776577,3,4,0.567943996
172.9990562,0.899344624,0,4,0.51805491
117.1629677,0.961727769,3,2,0.404112105
152.1036606,0.649576822,3,0,0.576481159
105.4337988,0.694202059,4,1,0.437956861
119.9996525,0.743136043,3,4,0.567527279
101.8521794,0.79407573,1,3,0.400054672
179.3697703,0.991926915,2,0,0.749971268
122.3924688,0.848665125,2,3,0.469051412
134.5351681,0.694774254,3,3,0.605167301
192.8081293,0.631883843,3,4,0.360966494
170.4414402,0.972312859,3,1,0.615008596
103.183893,0.567774217,2,1,0.43602017
116.4694156,0.860132926,3,1,0.778265795
162.1478401,0.962697513,4,4,0.497077133
157.7228589,0.832332793,3,2,0.603703278
123.7892821,0.71152722,1,1,0.407906683
193.4213998,0.59949547,1,3,0.730738101
161.3965956,0.683737661,2,3,0.702166459
153.5632803,0.853435905,1,2,0.422817656
158.9909976,0.824767112,2,0,0.755524254
173.012203,0.963988083,1,4,0.320077511
131.1944995,0.933430457,2,4,0.67628656
139.8221062,0.908075376,0,3,0.528934393
120.9843749,0.955725438,1,1,0.717729697
118.6193006,0.638168576,3,1,0.532742984
194.437239,0.68476177,2,2,0.332791048
173.9550795,0.689946952,2,0,0.413272766
149.0458809,0.780225294,4,1,0.797187417
122.7414628,0.834109115,0,1,0.467088801
125.4356482,0.643358342,0,3,0.380152609
105.802916,0.509731234,3,1,0.702915413
143.4416626,0.699611192,2,4,0.322534914
131.1795882,0.65426398,0,1,0.333204376
169.6343489,0.97109236,0,1,0.44875939
137.7751839,0.94413252,4,0,0.323700487
117.9603678,0.930155339,3,4,0.797856342
102.4678728,0.82649988,3,2,0.645564443
106.7249631,0.672144582,0,4,0.55979322
167.9392773,0.774424634,1,2,0.702583195
145.3696845,0.90761252,4,0,0.6312434
153.6579211,0.549305184,1,0,0.386632477
189.6671293,0.90053744,4,3,0.4098169
199.0338947,0.520589896,1,0,0.733847143
121.6896984,0.908210516,3,1,0.468480663
166.3078203,0.903781902,2,4,0.523820171
126.3322377,0.525503654,3,2,0.495567856
102.0650999,0.813580356,0,4,0.326014906
175.8378654,0.751226537,1,4,0.652286859
132.0017151,0.584909752,0,4,0.57003704
138.3463894,0.574189469,3,4,0.638070041
158.8317114,0.886629563,1,4,0.439115695
183.1048455,0.783846374,4,0,0.503456954
162.8981844,0.991499567,2,4,0.396324881
187.2650655,0.991123889,3,4,0.509841316
127.3542035,0.996333497,3,2,0.626745706
179.8046834,0.559307759,2,4,0.772344522
118.5635944,0.969128068,3,4,0.6317286
195.2791657,0.622284805,1,4,0.562579865
168.7488276,0.72910613,1,1,0.508183611
121.5507677,0.878703278,3,1,0.352774842
194.737059,0.601810466,1,1,0.538537148
173.0855807,0.783155803,3,4,0.377554047
125.3941643,0.592908374,3,0,0.591093592
121.3311977,0.552368053,4,1,0.665123539
151.8200714,0.558279306,2,3,0.773247806
102.5662718,0.678819517,1,1,0.448426434
120.7470075,0.502327418,2,2,0.498452769
142.4685469,0.712426961,4,0,0.39147597
137.416998,0.832098553,0,2,0.738970255
146.3575424,0.700844093,3,2,0.712038612
127.7628706,0.5428973,1,1,0.687479947
158.6784346,0.531344431,0,2,0.328645019
186.3855606,0.639058256,0,2,0.578359721
111.7531856,0.584656345,1,0,0.417506781
151.7379107,0.982547487,0,1,0.359842598
113.2068106,0.575615112,3,0,0.69080655
171.6859681,0.902731219,3,4,0.405790688
139.6059703,0.793053971,3,1,0.550405849
156.5421312,0.78464346,4,2,0.563048174
118.3279836,0.756040358,0,1,0.406641002
114.4847759,0.985881538,3,1,0.546130583
148.8056281,0.681922388,4,4,0.326409949
135.5612738,0.893957875,3,0,0.300036225
194.0431945,0.777647054,3,1,0.740160966
176.5325254,0.697816834,1,1,0.507794351
174.866362,0.977732967,3,3,0.753709899
190.371974,0.799157985,3,1,0.54815368
108.3422435,0.559458471,3,0,0.515554147
155.219247,0.7087696,3,3,0.44795607
158.4476069,0.890790864,3,2,0.340844469
196.1936379,0.846873512,2,2,0.454847325
129.2147527,0.958170165,2,1,0.604235133
124.082878,0.629688692,4,0,0.681393174
110.0293942,0.879096858,4,1,0.570412759
101.642963,0.729937604,4,2,0.679127922
192.9529317,0.786804873,2,1,0.378875796
166.9916547,0.977523341,4,1,0.591619966
178.5152912,0.98964316,1,2,0.741301614
128.1730106,0.930795482,0,2,0.408980104
158.6410166,0.679548544,1,3,0.413834469
106.3955266,0.943850418,0,3,0.674216257
148.5627596,0.819304589,0,0,0.706028392
197.749514,0.71499839,3,0,0.424023165
187.6505245,0.517871341,4,2,0.465784902
133.8158952,0.885064062,0,0,0.6158847
196.1570155,0.75105279,3,0,0.499215857
123.1701626,0.89309425,1,3,0.612005485
194.9318822,0.8740114,3,2,0.548215016
194.1377705,0.896783684,0,3,0.686825655
179.9202587,0.650325579,3,1,0.722944323
163.0447937,0.9003993,3,2,0.731913605
187.4287967,0.774423164,1,4,0.605762539
129.3020285,0.7366631,1,0,0.606292052
184.8943555,0.837562957,0,0,0.524823449
161.7876692,0.510679341,3,2,0.313807022
101.3236858,0.551158408,2,4,0.44959011
134.7233518,0.646088683,3,2,0.331848859
114.8140861,0.991495055,0,0,0.518892624
198.182939,0.569872889,2,0,0.724742624
147.8370307,0.66529815,3,2,0.598401009
149.7391365,0.525526532,1,1,0.637766299
163.9472516,0.66563444,0,3,0.394003986
136.8584606,0.660163143,3,2,0.430976575
113.6900272,0.973403585,1,1,0.381566076
182.2117733,0.922577043,0,4,0.721344381
118.9847912,0.69138211,2,0,0.440156506
151.1318983,0.512384529,2,0,0.581163155
122.4317029,0.915515557,0,2,0.370564307
109.7844484,0.830268089,1,4,0.361994454
186.2191517,0.576182242,2,2,0.473791682
197.2919489,0.998035636,0,3,0.465176579
196.0834658,0.550116719,3,2,0.464426617
190.6555499,0.933557271,0,0,0.600466394
177.4047333,0.647133082,0,0,0.457995078
133.3145152,0.717676733,0,1,0.684367934
108.110139,0.897728263,1,3,0.345335384
140.7241171,0.838754178,4,1,0.462392929
123.2234142,0.968932187,3,3,0.634596564
113.2487635,0.810570163,1,0,0.601466055
105.3427182,0.548905081,0,2,0.359757809
172.5594364,0.942180182,3,0,0.519736747
101.1427459,0.884577762,1,1,0.454610731
177.0580749,0.855935225,2,1,0.615935216
114.6946645,0.526866774,3,2,0.36493514
107.9522083,0.698111372,4,4,0.635282961
108.9603034,0.58371791,4,0,0.531916266
167.2047807,0.910951954,3,1,0.437444994
124.536721,0.850264311,3,4,0.673721997
142.0539467,0.941538799,0,4,0.393954928
155.7368791,0.983287553,0,0,0.376118969
186.0551174,0.887373807,0,1,0.307677968
172.7044263,0.997116542,3,4,0.730650178
127.0327905,0.807384943,4,1,0.54618277
113.1482799,0.518564802,2,4,0.558357805
105.537432,0.507125758,4,0,0.357381308
130.1598634,0.671051938,0,0,0.353888068
126.2118149,0.91173586,1,1,0.466891702
145.6140567,0.933067353,4,0,0.558115322
168.3281336,0.980406264,0,3,0.65043611
169.5625446,0.532560734,3,0,0.549635178
128.3518847,0.522285555,2,2,0.715779216
137.9926956,0.956641798,1,0,0.488696166
118.1150962,0.652523349,4,1,0.314043996
178.8545512,0.7789937,0,4,0.513076138
105.6848076,0.991222442,4,3,0.342501315
169.6997242,0.700224267,2,1,0.461027214
177.8695396,0.832935699,1,1,0.792577342
177.7407562,0.700439782,4,4,0.728677129
125.9422564,0.884097332,2,4,0.418227857
137.3813138,0.763857363,1,2,0.487981216
158.7599635,0.618761569,4,1,0.515582565
127.2821902,0.635653051,0,3,0.681934189
137.0852799,0.629029606,2,2,0.316728564
119.705428,0.766160164,0,2,0.319311385
145.9855884,0.851594508,2,3,0.358558934
104.4612301,0.97463995,0,4,0.614162491
179.9795885,0.847043688,0,4,0.507273309
107.6956447,0.890596422,4,1,0.724462814
151.8835149,0.584463058,4,2,0.442028945
130.68101,0.687031313,0,3,0.544626015
157.7542949,0.70689011,2,3,0.653392861
195.9433341,0.843190115,4,3,0.572600599
164.5570244,0.647945988,4,2,0.458399989
103.5362436,0.651645961,0,0,0.376271384
143.040244,0.677944577,2,0,0.570301709
151.0016852,0.905151041,0,1,0.371078251
153.6177495,0.788795045,3,2,0.76965223
168.1392511,0.53763864,0,2,0.569945305
127.7596098,0.53912305,2,0,0.387457652
112.8860565,0.685643472,4,4,0.660321273
139.2675677,0.883295525,4,0,0.351773597
195.6405723,0.844341713,1,2,0.685822395
118.7130892,0.853991177,0,3,0.528644556
190.3983955,0.883605033,4,2,0.366330978
154.380595,0.643576356,3,1,0.318605518
145.6911422,0.774128141,4,0,0.796688997
188.204141,0.77167632,3,1,0.437184145
145.8603962,0.869816251,4,0,0.776124311
172.4167637,0.978435285,4,0,0.550918168
139.9025322,0.638994972,2,1,0.551507692
190.4044393,0.896640836,4,1,0.345534859
169.002502,0.829985274,3,3,0.775352909
169.9622054,0.790118935,2,1,0.666447932
132.7720402,0.88743989,4,4,0.559363919
175.6778643,0.972016233,2,2,0.36012857
163.6061055,0.518345709,4,3,0.387838285
124.0020273,0.573700051,1,0,0.516083303
116.0538822,0.878143616,2,4,0.48112941
179.6391475,0.541895676,3,1,0.579069003
195.9166603,0.75806185,1,1,0.338171987
145.8138827,0.609930388,4,4,0.32017301
159.0984165,0.637147852,4,2,0.555551543
185.7722644,0.850920241,1,4,0.31425069
145.7223453,0.515096387,0,0,0.329775977
195.1874477,0.936659714,1,4,0.488170729
157.5751162,0.722239478,3,3,0.330889535
182.0767121,0.751196647,4,4,0.492734813
190.8843718,0.770023982,2,4,0.420875258
181.5523819,0.822772147,0,0,0.393885149
115.9414463,0.672428293,2,0,0.502339916
162.8898439,0.550553745,1,2,0.359951953
139.8434259,0.659189468,4,0,0.474819684
106.2712952,0.584071059,3,0,0.517436815
142.4032252,0.77806659,1,0,0.715001473
125.8684067,0.659014315,1,4,0.766403091
184.9038308,0.979033589,2,4,0.454169217
103.3304627,0.982867139,2,0,0.446321025
195.8982722,0.81006294,4,1,0.583259137
135.5368848,0.808748634,2,0,0.368707213
135.670689,0.992689282,0,0,0.474856092
101.6328503,0.943641576,4,2,0.32660819
118.5232325,0.882534975,3,0,0.489534072
140.1259501,0.656795306,0,0,0.357075673
192.9291417,0.682769514,1,2,0.580906456
109.961493,0.600633383,2,0,0.620796867
194.5301533,0.743574063,3,0,0.793545768
186.9488531,0.995184261,4,3,0.397569331
145.4162397,0.956075477,2,2,0.403601074
132.6700882,0.559174717,0,2,0.773709759
123.2744129,0.512595145,1,3,0.732320419
161.4464706,0.949318834,1,2,0.608027025
103.3074591,0.768585064,2,1,0.720703618
101.5606064,0.600094944,4,4,0.404846072
142.8795722,0.836826635,4,4,0.737014411
106.8074074,0.822111589,2,2,0.733653755
125.1940988,0.561042803,2,4,0.424056124
122.1160915,0.629800117,2,0,0.554186657
125.3191194,0.530038982,3,0,0.764887132
113.1055231,0.604930237,2,1,0.639574998
101.2036223,0.566152837,3,3,0.630259553
111.5484297,0.596618146,0,4,0.5798823
161.848026,0.842733573,2,1,0.434415782
197.4256213,0.524749872,2,4,0.789207686
199.0345002,0.550927308,4,0,0.523754823
140.9054095,0.567086819,2,1,0.455725048
116.2954426,0.65827056,3,1,0.664290355
163.8761757,0.649375155,3,3,0.603852407
149.0305347,0.627531893,2,0,0.471120654
198.9409777,0.875268327,3,1,0.451895795
106.5304207,0.999011394,2,0,0.407253343
178.3234438,0.766988962,0,0,0.339243218
128.8398497,0.972101359,3,2,0.612855453
124.141862,0.698305056,3,2,0.552846819
166.2504572,0.553341223,3,3,0.417424205
124.6063185,0.704386915,3,0,0.327562263
166.5859118,0.648063887,2,2,0.309450534
151.7308517,0.746703481,2,4,0.669247965
142.4088988,0.828521838,0,0,0.394126595
155.4687809,0.73052511,2,1,0.43332181
128.705152,0.967580256,3,0,0.307056097
170.6574706,0.942382411,0,1,0.375319527
141.4856869,0.850988798,1,3,0.737222859
136.054556,0.744842456,4,2,0.421030417
182.8656915,0.565843641,0,4,0.776979099
192.4966912,0.698506833,4,2,0.382173419
104.6007311,0.85220077,3,1,0.426630729
123.2626993,0.64244276,1,3,0.733854984
134.8519369,0.551994039,4,1,0.513304169
181.4966479,0.953949229,0,3,0.43391447
198.5491428,0.854525405,2,3,0.646406881
196.8971705,0.807638213,4,4,0.325614202
190.4948346,0.896249453,2,4,0.745302588
129.6556265,0.917823019,4,2,0.720780773
199.2011243,0.741729499,3,4,0.342898518
124.9420041,0.940594126,2,1,0.699309373
110.5906155,0.958209505,1,1,0.780585221
195.0952611,0.635775548,0,3,0.54603481
123.3420255,0.80377268,1,2,0.584076675
168.9768265,0.763292014,4,2,0.63989837
105.8356359,0.76897289,4,2,0.433363472
173.0709099,0.968831547,1,3,0.624830629
188.1720212,0.652594351,4,4,0.53743375
127.2436895,0.991716989,3,0,0.502770902
137.9056896,0.951065607,0,1,0.75140078
137.4296183,0.729361444,3,3,0.698951555
174.8788258,0.908726632,2,1,0.767303814
123.7807243,0.884523497,0,4,0.718325912
117.1853099,0.838947485,0,4,0.320905301
144.9291649,0.659916945,4,3,0.603264696
130.4468407,0.598225496,2,3,0.648818441
183.9189122,0.835763848,1,0,0.632428738
123.7741826,0.921486648,2,2,0.435978217
150.2389457,0.508126394,1,0,0.512815176
194.25836,0.821401688,2,3,0.319514569
163.3997698,0.721436512,2,0,0.347047064
186.7289405,0.949043878,1,1,0.58025595
194.0209689,0.660736465,3,4,0.591205882
175.0764862,0.737092406,4,4,0.400614645
169.957506,0.757383552,4,0,0.524101362
196.7965567,0.570219761,4,2,0.53603863
199.440079,0.856446151,1,3,0.305668389
145.1821683,0.915238173,4,4,0.371260392
107.0869778,0.528954638,0,0,0.612150029
129.2794031,0.64569441,2,3,0.796410054
115.2354706,0.519022341,1,4,0.625195874
141.7486375,0.978272052,1,0,0.360108334
113.1289328,0.83358441,0,3,0.710720149
160.4117804,0.98210021,2,2,0.515768861
138.2808059,0.765747139,4,0,0.341850105
189.5385884,0.901034262,1,0,0.599912292
196.7794672,0.687206992,1,0,0.414023049
154.6884902,0.676909516,1,4,0.508390874
127.482357,0.689133909,1,2,0.459147125
159.2230419,0.828931067,1,2,0.621426974
189.6761158,0.679726576,1,0,0.515517336
140.6733346,0.950183726,0,0,0.351991047
155.2078277,0.991637433,1,2,0.407837783
127.1652768,0.515213258,3,3,0.550222637
145.5444149,0.596811645,2,0,0.694592114
140.1713535,0.556124996,2,2,0.304871633
124.8413465,0.521182024,4,4,0.606213642
150.5866384,0.613870497,1,2,0.357940879
131.0380826,0.72339666,1,3,0.602024712
137.3034864,0.918495183,0,0,0.718403818
152.4970442,0.610912015,3,2,0.414241483
175.0595023,0.746972628,2,1,0.547757376
133.3507466,0.96480937,2,0,0.687026463
192.4158767,0.833607353,4,0,0.38778874
186.2318547,0.89903951,1,1,0.376280571
104.8690296,0.775496985,0,0,0.752522934
125.3642524,0.990233229,4,4,0.647323326
144.6135513,0.794331077,4,4,0.668286682
110.4627889,0.522755357,4,3,0.721984314
134.8475989,0.5989914,0,3,0.56971289
174.0097526,0.702386814,0,2,0.54420275
168.0514481,0.800638586,1,2,0.578128676
162.2384429,0.885965434,0,4,0.658508984
171.0528403,0.706543063,4,0,0.495468653
120.4923687,0.855029153,1,1,0.347584123
134.1698115,0.894934752,4,4,0.367798442
167.6242482,0.658630099,4,3,0.786951479
187.9234763,0.98963512,2,3,0.325858831
154.3678054,0.824828248,0,3,0.655809669
128.2699651,0.94049903,2,1,0.771840764
103.0235258,0.777968844,2,3,0.364629774
171.0336829,0.870801554,4,3,0.661132189
100.7884104,0.885272031,0,2,0.451228299
137.267907,0.95412419,4,0,0.418482509
153.0537215,0.575174878,3,0,0.726311304
192.2111462,0.779141712,4,1,0.754676846
108.9494545,0.714189257,4,3,0.473525255
140.5942322,0.961579511,0,2,0.616323768
102.43132,0.552547347,4,0,0.387968817
134.2610984,0.991286944,4,1,0.694879718
162.2231059,0.937725662,2,2,0.740619944
127.9067948,0.536913141,4,3,0.459336176
120.974995,0.745483193,0,1,0.626483492
111.5703233,0.85877975,2,2,0.738208849
157.7140244,0.869075773,1,0,0.307687453
169.5270006,0.953247063,1,4,0.727867631
167.1957141,0.899932718,4,0,0.586057172
194.8861021,0.65546519,2,4,0.507007692
100.2703214,0.749217393,3,1,0.561307923
164.7196654,0.850892881,1,2,0.712031004
160.0392237,0.569218421,2,2,0.661064775
158.873961,0.596995399,1,2,0.550632425
196.277032,0.740521224,2,3,0.543826163
101.6871673,0.649122899,4,0,0.749628856
169.6482431,0.931279625,2,4,0.416171102
181.367865,0.793138661,2,3,0.347850848
150.9807197,0.674332599,0,1,0.639319059
133.396487,0.924416513,4,1,0.651105856
179.0840163,0.902439224,3,3,0.584193013
109.7242926,0.999177439,1,4,0.431268273
144.2035638,0.923653844,2,1,0.44797653
151.9952375,0.707228267,2,0,0.608521614
169.3956411,0.563749441,4,1,0.436479171
109.0885732,0.920320454,0,4,0.549810606
122.7759502,0.529878959,1,0,0.466037175
141.0301563,0.675135604,3,3,0.555219088
162.3294673,0.95986899,2,4,0.41468195
188.6960781,0.980383237,0,0,0.399030239
161.8826168,0.820282297,1,0,0.66699917
113.3461471,0.844324158,1,0,0.492863769
198.0580133,0.521227244,3,4,0.416283096
187.1785735,0.757240171,4,2,0.729210201
150.2720761,0.773434089,1,1,0.500850238
192.2347982,0.670050373,1,2,0.357935083
154.1380794,0.534298417,3,1,0.654023982
192.3306068,0.6144538,2,4,0.439985995
182.9897369,0.678991968,4,1,0.582621123
196.828641,0.717570993,3,4,0.61184652
191.9782811,0.795463363,2,0,0.781287186
103.6033817,0.861195759,3,3,0.3955506
117.4772004,0.658815937,3,2,0.442086029
138.9134677,0.66447688,3,2,0.766109916
195.2142697,0.509845821,0,4,0.659146453
130.0028919,0.52043743,3,1,0.524665498
116.0467644,0.628910847,2,1,0.667386699
188.6304666,0.870122499,2,3,0.506692562
144.6394415,0.814156915,1,0,0.505025761
190.7875594,0.88489451,0,1,0.378208377
116.0230466,0.884459718,2,1,0.561024123
166.1117512,0.928283734,0,0,0.431332207
144.0263753,0.860159633,1,3,0.616796718
107.6486769,0.98950546,0,1,0.499303091
169.6463145,0.94941261,2,4,0.726860516
124.7398756,0.793358583,4,0,0.685681296
103.9615523,0.794078835,0,1,0.373966617
105.9944298,0.51713352,0,3,0.595545982
106.1078537,0.999263289,4,2,0.65687031
190.7732957,0.565787999,3,4,0.557220456
173.9883918,0.870173598,4,4,0.356973641
189.8062357,0.910507598,3,4,0.551623697
167.2582311,0.686527265,4,4,0.516449495
152.8939929,0.598426027,0,2,0.462877218
130.4446364,0.549379943,3,2,0.591267786
199.7962251,0.874303003,3,2,0.462436166
136.2189059,0.726326765,4,2,0.417778344
147.0648949,0.85685888,0,3,0.667950638
137.8245175,0.957703824,0,1,0.406685511
197.9526929,0.573291868,0,2,0.702644128
117.4658385,0.9595855,3,2,0.789580503
132.7988001,0.70581323,3,3,0.520619358
168.0348666,0.652633505,3,0,0.706196193
106.3207618,0.97153113,0,3,0.384183864
160.7249374,0.995325846,1,0,0.698651751
147.7646503,0.599446109,1,4,0.781233579
128.3999977,0.828419173,3,3,0.558511697
123.8413281,0.553247657,3,4,0.427859902
151.4512743,0.825457002,0,0,0.380413134
136.7927581,0.913656614,0,3,0.758313415
145.6519891,0.842249273,1,0,0.462286269
133.7477382,0.708666571,1,0,0.548501865
197.0493694,0.69153318,4,4,0.516715776
113.3439432,0.696561208,0,0,0.51760776
109.6803953,0.794855909,2,1,0.68262913
134.3391729,0.940783635,4,2,0.76757916
159.1026901,0.964533079,0,3,0.618387339
165.9176472,0.52676481,2,4,0.778569111
139.7256747,0.590811197,2,2,0.395222334
199.9277994,0.556112158,3,4,0.581968638
135.1892996,0.59666732,3,1,0.642753493
172.1406668,0.673303905,2,2,0.657488165
163.7582695,0.753265841,2,3,0.677923726
181.3053863,0.814730614,4,0,0.466575051
197.6225663,0.86607111,2,0,0.74109729
188.9793656,0.945055771,3,2,0.365852781
176.4561974,0.994544219,3,4,0.439267857
169.8248478,0.831428239,3,3,0.534357
133.549817,0.922682259,1,0,0.595999046
114.7685578,0.889019423,4,2,0.447642091
106.2636003,0.65376602,4,2,0.753912822
124.1901704,0.937846135,4,1,0.525923416
143.2281481,0.521381569,1,3,0.350168667
152.1996274,0.500183672,4,3,0.709525883
177.3083554,0.636866315,1,4,0.782726948
195.8740923,0.731048765,1,4,0.473163825
111.732048,0.819181448,2,2,0.577321792
110.700414,0.550885133,1,1,0.591535301
158.9694723,0.836505067,0,2,0.700810459
174.5398074,0.900907934,0,4,0.375919137
184.815038,0.59265646,4,0,0.720627032
193.583208,0.707562627,0,1,0.660804751
198.3426242,0.759992495,2,3,0.317460048
139.9801692,0.725903509,0,0,0.583457586
138.0335184,0.899914965,1,0,0.314016884
114.7808677,0.980261199,0,3,0.548219974
168.4934439,0.899476582,3,2,0.599706559
165.6761958,0.538996409,2,1,0.617439853
186.2062596,0.902467786,4,0,0.763439334
109.7257995,0.533298166,3,2,0.448528509
149.7776908,0.617985193,2,3,0.72228293
158.108193,0.576548448,2,2,0.526110607
124.155704,0.598759553,2,0,0.63346993
116.9025406,0.764157564,0,1,0.703971711
185.9580836,0.835844929,0,1,0.662020583
105.8534922,0.735160641,3,3,0.697750294
147.0620904,0.97984782,3,2,0.618034754
111.5834001,0.62014616,1,4,0.700390304
145.7058761,0.881570115,1,1,0.754506738
197.9962326,0.935091089,1,4,0.752209421
142.3706353,0.781033055,2,2,0.46394411
185.7124918,0.728111251,4,2,0.785986414
111.7315564,0.798092223,1,4,0.328833498
127.1252077,0.714404885,3,3,0.608201347
140.3792741,0.777596941,4,4,0.547612279
139.981214,0.708466976,1,0,0.415238035
167.1383479,0.700234855,0,4,0.567574024
134.4718127,0.847673234,1,4,0.33297733
171.3766868,0.546425607,1,3,0.576857079
163.9186899,0.583271036,2,0,0.727232721
139.9161145,0.925599236,2,2,0.370486206
143.1760128,0.885538673,1,0,0.462676093
161.45277,0.640726864,2,4,0.615561636
107.004219,0.688634466,0,2,0.479650639
182.2406738,0.963013253,4,3,0.507501514
165.3421161,0.909038613,4,2,0.469225449
172.6342464,0.80717315,2,3,0.541334948
153.6923001,0.610745089,1,4,0.486597977
111.0477111,0.522125986,0,0,0.372124162
140.5035613,0.715628923,0,0,0.399406398
140.5373583,0.83631357,3,0,0.339623295
132.104299,0.914240245,2,0,0.533828534
102.9950325,0.926344503,3,0,0.722701967
173.7254243,0.516387951,2,1,0.345275542
110.9784458,0.622078517,3,4,0.629362749
160.6308133,0.669547294,1,0,0.51011158
170.3217496,0.594366105,2,0,0.735690511
163.4786323,0.901487689,4,3,0.481656773
195.9142252,0.883732882,2,4,0.647221694
110.3298155,0.75841652,4,3,0.499556113
186.7167159,0.991463239,3,0,0.57097422
102.9190235,0.572029271,3,4,0.687472821
153.4916855,0.949825852,1,4,0.783928542
140.4243618,0.558231627,4,4,0.367443724
152.418386,0.581590853,1,2,0.56454853
136.5099877,0.8481096,0,1,0.366134321
119.0566915,0.554784846,4,1,0.31525186
101.9122897,0.782922548,2,0,0.67397531
151.8149814,0.710116768,4,1,0.791635659
184.2776863,0.864236983,3,4,0.597701642
137.3215956,0.950337619,1,2,0.336216323
122.2863818,0.884935757,0,1,0.330863989
108.0532003,0.924844938,1,1,0.457273682
108.5310923,0.516472724,0,2,0.49044203
122.1396446,0.655097749,3,3,0.301933242
110.0014061,0.757716543,1,0,0.721341452
126.5039698,0.707976657,2,4,0.534289883
106.6149462,0.615627476,2,2,0.797853841
106.5604867,0.653937049,1,3,0.742073468
185.627618,0.972715485,1,0,0.550388154
116.2120261,0.64709044,0,3,0.613529064
155.9682406,0.676952055,1,0,0.457276
177.3455544,0.501854887,0,1,0.451678052
145.6409565,0.922538814,1,2,0.365102481
115.3368878,0.577420352,1,0,0.572700108
119.9596142,0.602072138,4,2,0.340835633
143.2984206,0.627632259,0,2,0.52342983
152.8234089,0.942311028,3,3,0.46086221
134.9440292,0.603225706,2,4,0.695266668
178.14796,0.89876318,0,3,0.490722807
175.1021649,0.90402467,1,3,0.750747651
192.7211807,0.963510284,2,4,0.394765215
102.8952549,0.557780657,1,4,0.765273287
189.5691291,0.608639486,3,3,0.596643322
139.2568788,0.871449146,0,2,0.360120801
187.8372495,0.598000377,0,1,0.551075085
169.0784776,0.643164773,1,4,0.433959094
198.7348757,0.58337079,1,1,0.674518248
175.9282452,0.586348343,0,2,0.625654719
136.4544626,0.740776677,1,4,0.331368256
150.1063173,0.554841531,0,0,0.50877311
137.6389155,0.660848809,4,0,0.743568102
136.4911836,0.713296955,3,3,0.503913496
126.0904499,0.512274058,0,1,0.671815281
149.5970295,0.694166583,3,0,0.356691286
168.1739945,0.547061218,3,3,0.733458313
127.7340271,0.746789266,4,3,0.551215882
152.4379811,0.912869094,0,3,0.773786084
111.7380294,0.909211081,1,2,0.568660586
115.9845287,0.540224258,1,1,0.684612842
104.6806355,0.800613879,0,4,0.786056948
197.0731443,0.917293191,0,3,0.664673505
100.3860352,0.618986271,3,4,0.588636668
117.8579968,0.880963256,3,0,0.48335407
161.2866753,0.945382173,2,2,0.321262544
108.1369599,0.903062076,3,4,0.516272855
188.1896503,0.553650516,0,3,0.506240229
171.9620158,0.50453,2,2,0.711531129
196.6389971,0.595862055,3,3,0.394626353
150.7635547,0.63523867,1,2,0.671322426
130.0403683,0.808091495,3,4,0.318781806
154.9500573,0.692136588,3,4,0.743182664
193.0818717,0.851703515,3,0,0.633971298
152.0761437,0.67653748,3,1,0.511221894
126.7207032,0.577212712,4,3,0.432753861
187.7398789,0.656344922,0,3,0.39220052
137.1918749,0.942162113,2,0,0.592822568
100.138335,0.979266172,0,2,0.505119337
124.7685022,0.603756367,3,2,0.671511446
131.8233509,0.894234194,1,4,0.753387276
185.8777468,0.636674368,2,4,0.447825773
145.8503167,0.943565772,0,3,0.624950179
144.4587288,0.582772806,1,1,0.511361096
133.6102266,0.832979959,3,3,0.321369497
188.0678123,0.542105632,1,2,0.607716336
194.5026777,0.986946662,0,1,0.481851283
199.1890329,0.850316672,2,1,0.306863023
137.6741267,0.92090787,0,0,0.536139991
196.6147446,0.78333467,1,4,0.34583445
179.187957,0.738400682,1,1,0.614084829
167.5689148,0.810941196,0,3,0.563248183
124.4889479,0.764370756,0,2,0.550174372
121.6457261,0.734692178,0,4,0.768439604
116.6047825,0.879725126,1,3,0.740213689
192.275661,0.589100477,4,2,0.656966983
129.4076662,0.585586024,0,3,0.588770355
145.3094245,0.715921325,3,3,0.426184657
149.3957834,0.660373958,1,4,0.304081384
177.8171595,0.537062259,4,2,0.35981737
184.4234962,0.922235246,2,3,0.460147115
113.9072701,0.885801403,4,1,0.398363923
142.690436,0.77196075,2,4,0.585001911
184.2854888,0.989662269,4,0,0.567474909
181.8033306,0.536300033,1,1,0.494895722
110.2413758,0.883334651,3,2,0.700272263
115.6383349,0.633185196,1,1,0.665578573
130.4198692,0.68429946,4,3,0.643941433
107.5359069,0.609639693,4,0,0.551337624
142.4663003,0.894518946,2,4,0.321722615
110.7617705,0.572120051,0,0,0.514013865
156.8217594,0.920008349,1,1,0.549590917
124.655694,0.830788824,2,0,0.523923798
159.6433065,0.529511623,4,2,0.302237313
111.7525643,0.905490866,4,3,0.626214429
197.5883868,0.813877858,0,3,0.428696388
193.2561204,0.95249116,1,2,0.322329412
139.1796939,0.874361153,4,3,0.551734305
124.2178594,0.780560464,3,4,0.760273691
125.0398213,0.91827359,0,3,0.314720142
148.3393535,0.639025119,0,3,0.306870797
103.9992802,0.773475031,2,1,0.593874043
163.9705106,0.64680841,2,0,0.571493119
140.8302908,0.984102196,2,3,0.307853174
137.7406573,0.61309815,4,1,0.351534375
180.9364971,0.50786912,0,2,0.718197321
170.903546,0.662927421,1,4,0.526319223
195.4333815,0.751254698,3,2,0.362193633
135.193624,0.514181467,4,4,0.377960242
189.7542765,0.77962415,4,1,0.605711368
176.9967186,0.937141387,1,2,0.464332997
135.7424652,0.852366097,4,1,0.312852616
162.1665436,0.811484161,1,4,0.618009248
128.8569958,0.977980875,1,3,0.316176463
187.4399917,0.979139667,0,1,0.355139974
111.2427317,0.912133235,4,0,0.379384124
121.2434361,0.803870924,4,3,0.371638956
118.3033292,0.74388228,3,3,0.680781473
140.3026002,0.506658057,1,0,0.346722728
174.523296,0.803130953,3,2,0.374320796
152.6907449,0.994544038,3,0,0.523507784
148.7676324,0.909050525,3,3,0.370041845
100.0545965,0.670302322,2,2,0.673468014
142.5401725,0.576023513,0,2,0.543872925
106.3553775,0.892029307,1,4,0.739821698
120.8253252,0.87196891,4,0,0.319057938
193.2393939,0.983523396,2,3,0.727599194
121.5398204,0.937421181,2,1,0.376905477
185.8337639,0.777831313,2,4,0.762817368
180.2893372,0.550642123,4,1,0.463020555
115.9146237,0.741750329,2,2,0.555391519
160.5711957,0.656847527,2,3,0.311847038
111.5661872,0.756204241,4,3,0.664569455
172.7888158,0.650850787,0,0,0.406885643
163.7462277,0.930911496,2,3,0.758308371
181.1938562,0.922163507,1,3,0.630893523
147.9384549,0.657732579,0,0,0.441809573
191.4863088,0.799790673,4,0,0.430454295
104.9348947,0.715090429,0,3,0.385239607
129.2888565,0.954546379,0,3,0.700935252
171.5052597,0.593680451,3,4,0.519238374
141.8109212,0.848864201,4,1,0.438472806
117.2951354,0.985187664,0,4,0.776409756
110.7210745,0.58763776,4,4,0.701120416
181.7339111,0.600983214,2,2,0.593151505
147.3142978,0.846861669,4,3,0.701224328
188.2283672,0.889576962,0,4,0.360063372
173.3289134,0.745274527,4,3,0.636081888
140.9726206,0.804843233,3,4,0.462075787
137.3511014,0.606341204,3,2,0.643754486
151.5638347,0.738307114,3,3,0.780828565
188.9059953,0.55603594,4,1,0.690179795
173.727858,0.660710963,0,2,0.582779419
100.5152964,0.642389853,2,0,0.672766604
169.4157851,0.72231268,1,1,0.534165833
191.9507407,0.965063181,2,4,0.439972589
171.045576,0.590633831,3,3,0.32031702
117.7005782,0.700694123,0,3,0.638601523
148.3518127,0.80779861,4,1,0.371295717
114.0316018,0.973278543,4,0,0.52967398
135.8995278,0.566574096,0,3,0.633377271
193.7117042,0.958938308,0,0,0.745647003
192.3305308,0.540526894,3,0,0.604681819
128.2836852,0.740370699,3,2,0.40886234
133.9631044,0.727294934,0,1,0.537027828
160.0212868,0.604801364,3,1,0.633810034
196.3197295,0.673729834,1,1,0.397658761
114.7801334,0.727082634,4,4,0.666085898
125.6916644,0.932605731,3,1,0.681912119
187.3556827,0.977532073,3,3,0.561264679
149.1892232,0.759462839,3,3,0.72940062
189.8961092,0.935049895,0,1,0.412369919
118.5517898,0.804085793,1,3,0.568868747
153.2668587,0.674543671,3,2,0.747082092
132.6269633,0.597097104,1,4,0.652075755
131.654256,0.706567386,1,4,0.703437157
144.6876964,0.761412141,0,0,0.411046511
143.3077449,0.522221694,3,0,0.586390291
135.734688,0.572920583,1,4,0.462021358
191.497077,0.800092212,3,1,0.629458217
173.1744185,0.612500797,3,1,0.561304823
172.7546991,0.918663188,2,2,0.612744403
128.991345,0.663471125,4,4,0.608835012
157.7709424,0.552417104,3,3,0.66821791
177.9179433,0.541765294,0,3,0.699441143
179.5590369,0.96856151,4,0,0.330938884
134.4530461,0.559010156,0,4,0.774188425
177.0872757,0.570454882,0,0,0.503222456
173.5893897,0.931333029,0,2,0.385048506
114.1506486,0.627144065,2,0,0.760990059
186.5945469,0.832975705,4,2,0.691995708
144.132147,0.908362844,0,4,0.510176905
148.6410449,0.80359032,2,2,0.599957257
144.8369179,0.978744272,4,0,0.413098631
156.7846001,0.85444145,0,4,0.506565164
162.1169247,0.556375755,0,0,0.500469983
149.8179566,0.779205013,3,3,0.67702022
186.6788543,0.859093263,4,1,0.515861498
162.7734756,0.90097862,1,2,0.677435644
140.1427949,0.513160668,0,2,0.695039714
141.6691757,0.859439458,0,1,0.492809931
181.0838615,0.912840411,0,2,0.520031666
134.8191943,0.873416905,3,2,0.560357997
121.1454796,0.756174573,3,3,0.301755348
105.9383188,0.729010482,3,4,0.3975275
187.6026848,0.774709292,4,2,0.723568574
191.8546451,0.852321849,2,3,0.680470151
112.0120182,0.961457145,4,2,0.33857579
133.4473741,0.808517605,2,4,0.617448833
117.537207,0.943917153,1,3,0.310367677
111.5898469,0.850628424,4,2,0.567101835
189.9866743,0.534168189,0,3,0.380740814
105.6877259,0.750414095,1,1,0.726726174
198.0485663,0.643243174,0,2,0.607407611
109.6450861,0.642587464,2,0,0.331991131
186.3470649,0.677963776,3,4,0.62062693
156.6506107,0.657366386,2,2,0.746099106
136.7917488,0.78930499,4,2,0.666853201
134.2342377,0.84180075,1,0,0.357601154
175.7364143,0.634374694,1,3,0.632546632
131.4573295,0.564881311,1,4,0.60535134
165.7318917,0.52940436,2,0,0.615675932
151.7326084,0.787876423,4,4,0.697581065
148.4965645,0.593065083,3,2,0.45220957
190.1162171,0.504623997,1,4,0.477734264
155.4645059,0.96387654,3,3,0.400908069
182.6861603,0.76857021,1,1,0.528588042
172.5573534,0.54622409,1,4,0.504921681
103.8557246,0.921460556,2,1,0.342050922
177.3110053,0.991601369,0,3,0.421303257
121.687025,0.724300331,1,0,0.359963792
190.3149647,0.521244804,0,4,0.577254199
104.2924191,0.55877297,2,4,0.393633263
133.3072034,0.690826873,1,4,0.4628011
109.9732947,0.942761319,4,4,0.708526668
147.5589117,0.57401934,1,1,0.58592461
182.0022436,0.911995047,1,3,0.559791646
129.818736,0.50748813,4,1,0.772181372
115.0934897,0.728694349,4,2,0.518675695
133.0267036,0.82219857,1,2,0.741820542
181.3880142,0.530189741,3,0,0.588927003
114.0383958,0.807381375,2,0,0.502667741
122.7362449,0.972202061,3,4,0.473036037
106.8851964,0.58012996,1,2,0.751688992
170.5710044,0.864805692,0,1,0.582622679
139.5233244,0.804546949,4,3,0.425856782
131.0839977,0.592558194,4,2,0.55973443
171.862639,0.503101707,0,2,0.424885447
133.5977542,0.504642225,2,1,0.420334448
172.7771273,0.766046205,2,2,0.364570676
181.5199395,0.971389705,1,1,0.644654627
121.7662843,0.822149314,1,1,0.690521804
197.3818697,0.857149923,4,1,0.461805986
116.2357948,0.746932743,0,1,0.504648325
129.0840907,0.790944471,0,2,0.696534046
117.9795291,0.563183763,3,2,0.3081516
134.5505656,0.93841031,2,3,0.466415477
148.0060888,0.880396314,2,0,0.453797192
152.2175869,0.999099476,1,3,0.571725848
185.3606042,0.648861474,1,1,0.74743462
188.9447909,0.613508886,2,4,0.320258368
122.0103861,0.562580829,3,3,0.721385678
162.2894032,0.982104878,1,4,0.578563903
111.1496057,0.890442592,1,4,0.593833463
145.896986,0.583162307,3,2,0.778482818
132.2333538,0.776343236,4,1,0.364141553
131.6500745,0.706884104,2,0,0.438321782
148.2584242,0.575743004,0,0,0.415025905
172.9827636,0.581036493,0,0,0.534419979
106.9182659,0.981734997,0,0,0.58991493
187.9173338,0.652482091,0,0,0.663931487
173.4813775,0.970719646,0,4,0.326519603
117.6499389,0.537805337,4,4,0.51306471
193.9160909,0.730401521,2,4,0.762137167
150.6312224,0.564809524,1,1,0.531296387
199.9808578,0.502393693,0,3,0.70881136
119.7259474,0.776883037,3,2,0.355989903
153.4908198,0.556947052,0,4,0.444840834
129.0248043,0.861012265,4,1,0.667698445
130.4173557,0.849058188,2,1,0.610677119
159.1065381,0.588166454,3,2,0.521576331
192.1719067,0.970871072,0,0,0.634457
180.5263856,0.860521704,4,1,0.685484152
172.3941399,0.648985132,0,3,0.748754355
155.9173782,0.854616882,0,3,0.520177556
192.2298504,0.865965139,3,3,0.621304849
149.2361407,0.671113166,4,1,0.49073014
187.3832178,0.687794281,2,1,0.763524932
183.3981644,0.679553254,4,1,0.540341846
121.3835347,0.808309222,2,1,0.505261495
177.1225463,0.950205073,2,3,0.769735629
101.2171157,0.586596618,2,2,0.300980641
132.2829538,0.937599805,2,2,0.465985545
122.9567445,0.513826578,4,1,0.719102785
150.6862958,0.830169298,3,3,0.525724175
173.6853162,0.707219437,2,2,0.474193193
109.7676367,0.895640776,1,3,0.593908207
151.4922202,0.860599056,2,1,0.502337908
193.8412022,0.740053904,1,1,0.464751808
122.8646551,0.821932018,0,4,0.432986653
167.7141144,0.750886565,2,1,0.456522736
